{
  "$ref": "#/definitions/awards",
  "definitions": {
    "awards": {
      "type": "object",
      "properties": {
        "items": {
          "type": "array",
          "items": {
            "type": "object",
            "properties": {
              "year": {
                "type": "integer"
              },
              "title": {
                "type": "string",
                "minLength": 1
              },
              "org": {
                "type": "string"
              },
              "note": {
                "type": "string"
              },
              "url": {
                "type": "string",
                "format": "uri"
              }
            },
            "required": [
              "title"
            ],
            "additionalProperties": false
          }
        },
        "$schema": {
          "type": "string"
        }
      },
      "required": [
        "items"
      ],
      "additionalProperties": false
    }
  },
  "$schema": "http://json-schema.org/draft-07/schema#"
}