{
  "$ref": "#/definitions/publications",
  "definitions": {
    "publications": {
      "type": "object",
      "properties": {
        "items": {
          "type": "array",
          "items": {
            "type": "object",
            "properties": {
              "id": {
                "type": "string",
                "minLength": 1
              },
              "year": {
                "type": "integer"
              },
              "title": {
                "type": "string",
                "minLength": 1
              },
              "authors": {
                "type": "string",
                "minLength": 1
              },
              "venue": {
                "type": "string"
              },
              "links": {
                "type": "array",
                "items": {
                  "type": "object",
                  "properties": {
                    "label": {
                      "type": "string",
                      "minLength": 1
                    },
                    "url": {
                      "type": "string",
                      "format": "uri"
                    }
                  },
                  "required": [
                    "label",
                    "url"
                  ],
                  "additionalProperties": false
                }
              },
              "tags": {
                "type": "array",
                "items": {
                  "type": "string"
                }
              },
              "note": {
                "type": "string"
              },
              "selected": {
                "type": "boolean"
              }
            },
            "required": [
              "id",
              "year",
              "title",
              "authors"
            ],
            "additionalProperties": false
          }
        },
        "$schema": {
          "type": "string"
        }
      },
      "required": [
        "items"
      ],
      "additionalProperties": false
    }
  },
  "$schema": "http://json-schema.org/draft-07/schema#"
}